{"washingmachine": {"numberOfStates": 3, "transprob": [[0.9999513296793205, 0.0003325924789918063, 0.003701318972402531], [8.113301285188504e-07, 0.9832704461799492, 0.0022940915970688525], [4.7858990550917286e-05, 0.016396961341058978, 0.9940045894305286]], "startprob": [[1.0], [0.0], [3.622384914798942e-46]], "means": [[0.0], [2153.480943922297], [88.7720705360319]]}, "dishwasher": {"numberOfStates": 3, "transprob": [[0.9999347937918034, 9.725888902759472e-05, 0.004368886555983262], [3.88191737233547e-06, 0.9844627894540153, 0.008595005427173648], [6.132429082428545e-05, 0.015439951656957138, 0.987036108016843]], "startprob": [[1.0], [0.0], [5.023753251178754e-32]], "means": [[0.0], [2699.31845259805], [63.49094705718562]]}, "kettle": {"numberOfStates": 3, "transprob": [[0.9993886516354559, 0.005344014065073826, 0.4109252634226502], [0.0005675235401464087, 0.9277462604326709, 0.017955134332149663], [4.382482439772234e-05, 0.06690972550225516, 0.5711196022452002]], "startprob": [[1.0], [0.0], [2.1249276943351767e-234]], "means": [[0.0], [2730.6941774247366], [99.83365309932641]]}, "fridge": {"numberOfStates": 2, "transprob": [[0.9970409688753129, 0.0054129600190914616], [0.0029590311246870797, 0.9945870399809086]], "startprob": [[1.0], [5.262348411275635e-57]], "means": [[0.0], [84.57929623601626]]}, "microwave": {"numberOfStates": 3, "transprob": [[0.9997056505799268, 0.06700861996224135, 0.13213792874935099], [0.00019536813084899767, 0.899438161791616, 0.09547750793449714], [9.898128922430346e-05, 0.03355321824614277, 0.7723845633161519]], "startprob": [[1.0], [0.0], [1.2413146462618268e-163]], "means": [[2.2213230981185688], [1367.5485200781864], [573.0743823410926]]}}